,Stock Ticker,Previous Close,Open,Bid,Ask,Day's Range,52 Week Range,Volume,Avg. Volume,Market Cap,Beta (3Y Monthly),PE Ratio (TTM),EPS (TTM),Forward Dividend,Forward Yeild,Ex-Dividend Date,Dividend_yield
0,MMM,163.1,165.47,165.56 x 1000,165.79 x 800,164.76 - 166.15,150.58 - 219.75,1949.0,1855778.0,96.262,1.28,19.97,8.31,5.76,3.52,2019-08-15,0.03531575720416922
1,AOS,51.01,51.41,51.01 x 800,51.10 x 1200,50.82 - 51.78,40.34 - 56.66,1423.0,1681229.0,8.567,1.67,20.51,2.49,0.96,1.88,2019-10-30,0.01881983924720643
2,ABT,82.79,83.14,81.55 x 800,82.18 x 1400,81.51 - 83.28,65.44 - 88.76,5308.0,5509062.0,145.026,0.8,44.38,1.84,1.28,1.55,2019-07-12,0.015460804444981277
3,ABBV,76.46,76.88,77.21 x 1000,77.40 x 1100,75.85 - 77.85,62.66 - 94.98,7737.0,7467646.0,116.295,0.71,28.22,2.74,4.28,5.6,2019-10-14,0.05597698142819776
4,ACN,187.08,186.95,187.22 x 900,187.37 x 1000,185.39 - 187.54,132.63 - 202.80,1296.0,1910132.0,119.31700000000001,1.01,25.45,7.36,3.72,1.99,2019-04-10,0.019884541372674792
5,ATVI,54.54,55.25,55.30 x 1100,55.49 x 1300,54.72 - 55.82,39.85 - 70.95,5946.0,5438414.0,41.773,0.94,25.35,2.19,0.37,0.68,2019-03-27,0.006784011734506784
8,AAP,163.5,164.53,165.89 x 1000,165.91 x 800,163.99 - 166.35,130.09 - 186.15,597442.0,597141871.0,11.834000000000001,1.11,27.72,5.99,0.24,0.15,2019-09-19,0.0014678899082568807
10,AES,16.38,16.4,16.41 x 3100,16.47 x 1800,16.34 - 16.50,13.55 - 18.52,3882.0,3672503.0,11.008,0.74,27.4,0.6,0.55,3.33,2019-10-31,0.03357753357753358
12,AFL,52.71,53.0,52.82 x 2200,52.97 x 1400,52.85 - 53.21,41.45 - 57.18,2635.0,2459717.0,39.211,0.5,12.89,4.1,1.08,2.05,2019-08-20,0.020489470688673878
13,A,74.57,74.88,75.32 x 1300,75.97 x 800,74.69 - 75.51,61.01 - 82.27,1612.0,1419898.0,23.25,1.28,22.58,3.34,0.66,0.88,2019-07-01,0.008850744267131555
17,ALB,67.13,67.91,66.91 x 800,68.16 x 1000,66.81 - 68.18,58.63 - 108.74,1098.0,1440564.0,7.013,1.25,13.12,5.12,1.47,2.19,2019-09-12,0.021897810218978103
24,LNT,52.98,53.07,53.14 x 2200,53.15 x 800,52.62 - 53.24,40.68 - 54.59,1100.0,1183195.0,12.682,0.22,24.62,2.16,1.42,2.68,2019-10-30,0.026802567006417515
25,ALL,108.41,108.94,108.80 x 1300,109.22 x 800,108.43 - 109.29,77.00 - 109.55,1128.0,1535456.0,36.148,0.77,14.79,7.38,2.0,1.84,2019-08-29,0.01844848261230514
28,MO,44.33,44.55,45.50 x 1800,45.49 x 3200,44.51 - 45.60,39.30 - 66.04,10232.0,10454717.0,85.20700000000001,0.37,13.6,3.35,3.36,7.58,2019-09-13,0.07579517256936612
30,AEE,76.62,76.41,28.19 x 900,78.32 x 900,76.28 - 76.89,62.51 - 80.85,998498.0,998800676.0,19.047,0.23,23.74,3.23,1.98,2.58,2019-12-10,0.025841816758026624
31,AAL,28.22,28.51,28.64 x 4000,28.71 x 2200,28.42 - 28.91,24.23 - 40.58,6789.0,6310926.0,12.876,1.98,8.45,3.38,0.4,1.42,2019-08-06,0.01417434443656981
32,AEP,94.14,94.04,94.29 x 1200,94.55 x 800,93.49 - 94.54,72.07 - 94.89,2013.0,2228739.0,47.226000000000006,0.13,23.62,4.0,2.68,2.85,2019-08-08,0.028468238793286596
33,AXP,116.76,117.55,119.33 x 800,119.34 x 1800,117.49 - 119.38,89.05 - 129.34,3961.0,3448459.0,96.83200000000001,0.99,14.38,8.28,1.72,1.47,2019-07-03,0.014731072285029118
35,AMT,229.09,229.24,228.96 x 800,231.30 x 900,226.70 - 229.59,148.43 - 242.00,1163.0,1699200.0,102.98200000000001,-0.01,69.31,3.31,3.61,1.58,2019-06-18,0.015757999039678727
37,AMP,142.0,143.77,144.34 x 800,144.38 x 1100,143.56 - 145.30,95.69 - 153.91,529880.0,529072576.0,19.088,1.99,10.63,13.58,3.88,2.73,2019-08-02,0.02732394366197183
38,ABC,89.64,88.2,81.84 x 800,91.00 x 1100,84.37 - 89.00,69.36 - 94.75,2303.0,2283439.0,18.082,1.18,19.28,4.49,1.6,1.78,2019-08-16,0.0178491744756805
39,AME,88.35,88.82,88.24 x 800,90.67 x 900,88.03 - 89.33,63.14 - 92.86,2015.0,2163787.0,20.111,1.33,24.78,3.56,0.56,0.63,2019-09-13,0.006338426711941144
40,AMGN,202.72,203.57,202.89 x 1000,202.90 x 1100,200.78 - 203.61,166.30 - 211.90,1612.0,1915942.0,121.195,0.79,16.11,12.6,5.8,2.86,2019-08-14,0.028610891870560377
41,APH,99.0,99.7,100.37 x 900,100.32 x 800,99.38 - 100.52,74.95 - 105.51,1289.0,1415028.0,29.976,1.12,25.73,3.9,1.0,1.01,2019-09-16,0.010101010101010102
42,ADI,109.48,110.19,108.39 x 800,111.11 x 1100,110.00 - 111.48,76.62 - 124.79,1015.0,1135112.0,40.851,1.55,28.2,3.94,2.16,1.97,2019-08-29,0.019729630982827914
45,ANTM,249.4,250.93,253.31 x 900,253.59 x 1000,249.49 - 254.30,227.16 - 317.99,1927.0,1480042.0,64.779,0.87,16.35,15.48,3.2,1.28,2019-09-09,0.012830793905372895
48,AIV,54.48,54.42,47.00 x 800,54.89 x 800,54.23 - 54.82,41.98 - 54.82,485455.0,485054995.0,8.227,0.46,9.02,6.07,1.56,2.86,2019-08-15,0.02863436123348018
50,AMAT,51.68,52.19,52.64 x 3200,52.76 x 1200,51.99 - 52.71,28.79 - 53.25,5973.0,5510868.0,48.626000000000005,1.63,16.65,3.16,0.84,1.63,2019-11-20,0.016253869969040248
51,APTV,88.96,89.83,89.22 x 800,89.23 x 1200,88.75 - 89.83,58.80 - 91.57,748008.0,748130946.0,22.893,2.27,23.79,3.76,0.88,0.99,2019-08-06,0.009892086330935253
52,ADM,39.64,39.94,40.27 x 1200,40.40 x 1300,39.82 - 40.47,36.45 - 49.75,2118.0,2423823.0,22.383000000000003,1.02,17.4,2.32,1.4,3.53,2019-08-21,0.035317860746720484
53,ARNC,27.01,27.13,27.04 x 900,27.33 x 1400,26.95 - 27.36,15.63 - 27.92,2293.0,2199245.0,11.427,1.93,29.17,0.93,0.08,0.29,2019-08-01,0.0029618659755646054
56,T,38.47,38.42,38.25 x 2200,38.31 x 1800,38.19 - 38.62,26.80 - 38.75,26023.0,26892412.0,284.223,0.77,16.12,2.37,2.04,5.3,2019-07-09,0.05302833376657136
58,ADP,163.54,164.08,162.11 x 800,162.25 x 800,161.30 - 164.49,121.40 - 174.50,1004.0,1901300.0,70.148,0.97,30.92,5.24,3.16,1.93,2019-09-12,0.019322489910725205
63,BLL,74.11,74.36,72.26 x 1000,72.47 x 800,71.75 - 74.36,42.24 - 81.88,1755.0,1152534.0,24.078000000000003,0.52,47.37,1.53,0.6,0.81,2019-08-30,0.008096073404398866
64,BAC,30.35,30.67,30.98 x 34100,30.99 x 45100,30.63 - 31.15,22.66 - 31.17,60954.0,60688553.0,282.47700000000003,1.64,11.43,2.71,0.72,2.37,2019-09-05,0.02372322899505766
65,BAX,87.99,88.48,88.42 x 1400,88.42 x 900,88.36 - 89.10,61.05 - 89.93,1636.0,1327501.0,45.231,1.05,29.6,2.99,0.88,1.0,2019-08-29,0.010001136492783272
66,BBT,52.67,53.16,53.00 x 1300,53.99 x 1200,52.96 - 53.49,40.68 - 53.90,4399.0,4724420.0,41.138999999999996,1.22,13.46,3.97,1.8,3.42,2019-08-13,0.034175052211885326
69,BBY,70.52,71.13,71.21 x 1000,71.52 x 800,71.06 - 72.08,47.72 - 78.53,1508.0,1649890.0,19.01,1.67,12.92,5.53,2.0,2.84,2019-09-18,0.02836074872376631
72,HRB,23.28,23.38,23.75 x 4000,23.76 x 3100,23.38 - 23.80,22.96 - 29.62,2916.0,2948020.0,4.675,0.49,11.46,2.07,1.04,4.47,2019-09-12,0.044673539518900345
73,BA,344.0,332.89,331.25 x 1000,331.80 x 2200,324.40 - 334.24,292.47 - 446.01,15374.0,15195589.0,186.291,1.27,37.96,8.72,8.22,2.21,2019-08-08,0.023895348837209306
74,BWA,38.74,39.0,38.97 x 800,38.89 x 1000,38.80 - 39.55,30.71 - 44.78,1283.0,1739007.0,8.202,1.75,10.59,3.68,0.68,1.76,2019-08-30,0.017552916881775942
78,BMY,53.03,53.15,53.21 x 2200,53.38 x 1400,52.56 - 53.37,42.48 - 54.81,12829.0,12252135.0,88.035,0.58,14.01,3.8,1.64,3.09,2019-07-03,0.030925891005091456
79,AVGO,286.73,288.44,288.92 x 800,292.00 x 1100,287.06 - 291.90,208.23 - 323.20,1374.0,1159459.0,114.86399999999999,0.84,40.75,7.11,10.6,3.7,2019-06-21,0.03696857670979667
81,CHRW,86.56,87.02,86.80 x 800,86.82 x 800,86.17 - 87.50,77.72 - 94.34,611860.0,611281245.0,11.752,0.74,17.42,4.98,2.0,2.31,2019-09-05,0.02310536044362292
83,COG,17.95,17.89,18.28 x 4000,18.29 x 2200,17.65 - 18.30,16.01 - 27.65,6573.0,6258851.0,7.657,0.49,9.36,1.95,0.36,2.01,2019-08-07,0.020055710306406686
85,CPB,47.56,47.56,47.81 x 800,47.82 x 800,47.56 - 48.20,32.03 - 48.38,1829.0,1204384.0,14.304,0.78,68.51,0.7,1.4,2.94,2019-07-11,0.029436501261564336
86,COF,89.8,90.71,91.38 x 1300,91.41 x 800,90.57 - 91.72,69.90 - 98.62,1296.0,1384473.0,42.851000000000006,1.33,7.89,11.57,1.6,1.78,2019-08-02,0.0178173719376392
87,CAH,51.54,51.13,49.21 x 900,50.80 x 1000,49.15 - 51.48,41.03 - 58.31,4603.0,4912084.0,14.835,1.66,11.13,4.53,1.92,3.73,2019-09-30,0.037252619324796274
89,CCL,42.79,43.07,42.61 x 1100,43.11 x 900,42.97 - 43.51,39.92 - 62.52,4522.0,4268579.0,30.978,1.23,9.77,4.41,2.0,4.67,2019-11-21,0.046739892498247254
90,CAT,130.71,131.95,132.10 x 800,132.40 x 800,131.50 - 133.45,111.75 - 144.77,4103.0,4015000.0,73.625,1.54,12.3,10.75,4.12,3.15,2019-10-18,0.03152015913090046
93,CBS,36.75,36.91,36.32 x 2900,36.33 x 1800,36.25 - 37.08,36.25 - 59.56,5734.0,5480623.0,13.342,1.02,4.47,8.13,0.72,1.96,2019-09-09,0.019591836734693877
96,CNP,28.64,28.59,28.76 x 1100,28.81 x 1000,28.54 - 28.79,26.74 - 31.42,2913.0,2520729.0,14.399000000000001,0.51,25.41,1.13,1.15,4.02,2019-08-14,0.0401536312849162
98,CERN,67.76,67.92,68.14 x 1800,68.17 x 900,67.73 - 68.40,48.78 - 76.47,1116.0,1956418.0,21.59,0.83,37.66,1.81,0.72,1.06,2019-06-17,0.01062573789846517
99,CF,47.77,48.33,46.49 x 800,46.50 x 1200,46.26 - 48.33,38.90 - 55.15,2518.0,2178579.0,9.999,0.97,23.46,1.98,1.2,2.51,2019-11-14,0.025120368432070335
100,SCHW,39.94,40.53,41.00 x 4000,41.38 x 3200,40.23 - 41.01,34.58 - 49.24,7545.0,7127137.0,54.128,0.95,15.09,2.71,0.68,1.7,2019-08-08,0.017025538307461195
103,CVX,114.74,115.55,116.51 x 800,116.80 x 1000,115.55 - 116.75,100.22 - 127.34,3727.0,3691765.0,220.204,0.84,15.1,7.72,4.76,4.15,2019-08-16,0.04148509674045669
105,CB,152.69,153.41,150.85 x 1000,158.47 x 800,152.65 - 153.69,119.54 - 162.44,1206.0,1574306.0,69.71600000000001,0.6,18.79,8.16,3.0,1.96,2019-09-19,0.019647652105573385
106,CHD,73.89,73.89,73.68 x 1100,73.69 x 1000,73.19 - 74.00,57.36 - 80.99,1129.0,1651039.0,18.243,0.03,30.71,2.4,0.91,1.23,2019-08-14,0.01231560427662742
107,CI,166.88,166.95,166.77 x 900,166.83 x 900,165.85 - 168.05,141.95 - 226.61,1696.0,1041334.0,62.963,1.06,14.39,11.59,0.04,0.02,2019-03-08,0.00023969319271332696
108,XEC,41.33,41.3,42.50 x 1000,42.64 x 800,40.86 - 42.72,37.19 - 95.62,1106.0,1002990.0,4.178999999999999,1.64,6.92,6.15,0.8,1.94,2019-11-14,0.019356399709654006
111,CSCO,46.71,47.14,47.39 x 2900,47.42 x 1400,46.97 - 47.48,40.25 - 58.26,14455.0,14739382.0,201.18400000000003,1.1,18.16,2.61,1.4,2.99,2019-07-03,0.029972168700492397
112,C,69.74,70.52,71.85 x 1200,71.90 x 1800,70.52 - 71.89,48.42 - 73.08,13075.0,13626701.0,157.091,1.89,9.54,7.53,2.04,2.93,2019-08-02,0.029251505592199602
113,CFG,35.32,35.78,34.26 x 1000,35.65 x 2200,35.47 - 36.11,27.62 - 38.64,4019.0,4471712.0,16.048,1.65,9.41,3.78,1.44,4.11,2019-07-30,0.04077010192525481
114,CTXS,101.52,101.65,103.24 x 2200,103.26 x 3000,101.65 - 103.96,90.28 - 112.27,1886.0,1982159.0,13.508,0.71,27.73,3.72,1.4,1.4,2019-09-05,0.013790386130811662
115,CME,213.17,212.21,204.31 x 800,206.10 x 800,205.79 - 212.81,161.05 - 224.91,1243.0,1255598.0,73.848,-0.13,40.19,5.13,3.0,1.41,2019-09-09,0.014073274851057842
116,CMS,64.01,63.91,63.96 x 800,63.97 x 900,63.42 - 64.07,47.63 - 65.31,1045.0,1848001.0,18.242,0.16,31.18,2.05,1.53,2.39,2019-08-01,0.023902515231995
117,KO,54.78,54.45,54.15 x 3000,54.23 x 1300,53.68 - 54.56,44.42 - 55.92,12474.0,12064181.0,231.889,0.3,29.94,1.81,1.6,2.92,2019-09-13,0.029207740051113547
118,CTSH,60.64,61.32,60.80 x 900,62.20 x 1800,60.30 - 61.59,56.73 - 74.85,3310.0,3143831.0,33.164,1.07,16.82,3.61,0.8,1.3,2019-08-21,0.013192612137203167
119,CL,68.03,68.0,68.25 x 900,68.40 x 800,67.85 - 68.38,57.41 - 76.41,2441.0,2324010.0,58.559,0.78,25.98,2.63,1.72,2.53,2019-07-17,0.02528296339850066
120,CMCSA,45.57,45.89,46.08 x 2900,46.09 x 900,45.81 - 46.22,32.61 - 47.27,10898.0,10634312.0,209.433,0.99,17.6,2.62,0.84,1.84,2019-10-01,0.018433179723502304
121,CMA,65.45,66.19,59.00 x 800,71.80 x 800,65.26 - 66.76,58.54 - 88.96,1317.0,1837410.0,9.568,1.51,8.3,7.9,2.68,4.09,2019-09-12,0.04094728800611153
122,CAG,27.15,27.15,27.50 x 900,27.49 x 1400,27.15 - 27.63,20.22 - 37.60,3065.0,3505854.0,13.245999999999999,1.32,19.06,1.44,0.85,3.13,2019-07-29,0.03130755064456722
123,CXO,62.45,62.26,63.37 x 800,63.40 x 1100,62.21 - 63.98,61.37 - 147.68,1387.0,1793437.0,12.605,1.65,24.33,2.61,0.5,0.79,2019-08-08,0.008006405124099279
124,COP,53.95,54.25,55.96 x 1000,55.99 x 1300,54.08 - 56.11,50.13 - 72.77,6550.0,6646209.0,61.463,0.82,9.03,6.2,1.68,3.11,2019-07-19,0.031139944392956437
125,ED,91.49,91.65,92.54 x 800,94.00 x 800,91.50 - 92.74,73.30 - 94.97,2081.0,2538032.0,30.846999999999998,0.18,22.09,4.2,2.96,3.24,2019-08-13,0.03235326265165592
126,STZ,197.02,196.76,194.98 x 1000,194.91 x 900,194.34 - 196.89,150.37 - 227.35,741590.0,741073006.0,37.332,1.12,48.73,3.99,3.0,1.52,2019-08-12,0.015226880519744187
127,GLW,29.33,29.58,29.88 x 1800,29.89 x 1300,29.55 - 30.13,26.75 - 35.34,4396.0,4874754.0,23.34,1.25,18.69,1.6,0.8,2.73,2019-08-29,0.027275826798499832
128,COST,302.86,303.0,301.08 x 900,301.05 x 800,300.17 - 303.51,189.51 - 307.34,1395.0,1184757.0,132.372,0.93,36.45,8.26,2.6,0.87,2019-08-29,0.008584824671465364
130,CCI,144.06,144.05,142.97 x 1100,145.00 x 900,141.32 - 144.05,103.21 - 149.47,1539.0,1815875.0,61.511,0.33,72.44,1.98,4.8,3.33,2019-12-12,0.03331945022907122
132,CSX,68.67,68.91,70.70 x 1800,70.71 x 1100,68.91 - 70.80,58.47 - 80.73,7774.0,7298373.0,54.47,1.25,16.88,4.19,0.96,1.4,2019-08-29,0.013979903888160767
133,CMI,170.28,171.64,163.00 x 800,171.61 x 1100,170.70 - 172.86,124.40 - 175.91,896165.0,896282117.0,27.458000000000002,1.38,10.46,16.38,5.24,3.08,2019-11-13,0.0307728447263331
134,CVS,66.16,66.63,65.70 x 800,65.90 x 1100,65.61 - 66.78,51.72 - 82.15,6098.0,6429671.0,85.006,0.99,18.0,3.65,2.0,3.02,2019-07-24,0.030229746070133012
135,DHI,53.97,54.16,53.01 x 3200,54.05 x 800,53.08 - 54.36,32.39 - 54.41,4376.0,4268901.0,19.84,1.02,12.77,4.16,0.6,1.11,2019-08-09,0.011117287381878822
136,DHR,138.01,138.69,137.73 x 900,138.81 x 800,137.52 - 138.90,94.59 - 147.33,1296.0,1096239.0,99.334,0.83,40.48,3.41,0.68,0.49,2019-06-27,0.004927179189913775
137,DRI,110.45,110.47,110.24 x 1000,110.25 x 800,110.00 - 111.52,95.83 - 128.41,1000.0,1265317.0,13.668,0.64,19.19,5.74,3.52,3.19,2019-07-09,0.031869624264373016
139,DE,173.92,174.66,174.05 x 900,174.38 x 800,174.00 - 175.72,128.32 - 175.72,1333.0,1981750.0,55.364,1.45,16.9,10.3,3.04,1.75,2019-09-27,0.017479300827966882
140,DAL,53.83,54.19,54.60 x 800,54.94 x 1300,54.10 - 54.98,45.08 - 63.44,6352.0,6132817.0,35.603,1.31,7.72,7.07,1.61,2.99,2019-10-23,0.029908972691807544
141,XRAY,54.9,55.44,54.67 x 900,56.65 x 1000,54.92 - 55.48,33.93 - 59.40,1035.0,1684240.0,12.332,0.71,116.9,0.47,0.4,0.73,2019-09-26,0.007285974499089254
142,DVN,19.8,19.78,20.21 x 1200,20.22 x 3100,19.77 - 20.39,19.77 - 35.39,4895.0,4039814.0,7.9479999999999995,2.32,2.36,8.56,0.36,1.82,2019-09-12,0.01818181818181818
143,DLR,132.98,132.89,134.25 x 800,134.27 x 800,132.39 - 134.41,100.05 - 134.41,820923.0,820236025.0,28.244,0.52,123.13,1.09,4.32,3.31,2019-09-12,0.03248608813355392
144,DFS,78.94,79.68,80.13 x 800,80.44 x 800,79.61 - 80.64,54.36 - 92.98,1723.0,1991409.0,25.506,1.62,9.43,8.53,1.76,2.23,2019-08-21,0.022295414238662277
149,D,82.16,82.27,82.31 x 1100,83.00 x 1100,81.86 - 82.47,67.41 - 82.68,1989.0,1695790.0,66.038,0.25,68.97,1.2,3.67,4.47,2019-09-05,0.04466893865628043
152,DTE,127.34,127.82,128.91 x 800,128.92 x 800,127.37 - 129.25,107.22 - 134.37,963252.0,963080703.0,23.291,0.31,21.32,6.06,3.78,2.97,2019-09-13,0.02968430972200408
153,DUK,95.35,95.16,95.06 x 1000,95.37 x 800,94.66 - 95.40,80.89 - 97.37,1512.0,1683548.0,69.589,0.13,21.09,4.52,3.78,3.96,2019-08-15,0.039643418982695335
154,DRE,33.97,33.95,34.23 x 2200,34.23 x 900,33.90 - 34.31,24.67 - 34.44,980999.0,980995514.0,12.405,0.64,53.33,0.64,0.86,2.53,2019-08-14,0.02531645569620253
155,DXC,26.44,26.92,27.51 x 1100,27.58 x 1300,26.83 - 27.88,26.02 - 89.10,3564.0,3007625.0,6.829,2.26,6.54,4.21,0.84,3.18,2019-12-03,0.03177004538577912
156,ETFC,40.85,41.08,40.93 x 4000,41.20 x 2200,40.61 - 41.58,34.68 - 54.44,3581.0,3721090.0,9.727,1.17,9.91,4.14,0.56,1.37,2019-08-16,0.013708690330477356
157,EMN,73.09,74.1,73.58 x 900,74.82 x 800,73.28 - 74.31,61.22 - 86.18,945918.0,945092895.0,10.137,1.4,11.33,6.5,2.48,3.39,2019-09-13,0.03393077028321247
158,ETN,82.56,83.0,82.98 x 1400,83.38 x 800,82.96 - 84.04,64.46 - 89.07,1833.0,1341184.0,35.07,1.44,16.26,5.14,2.84,3.44,2019-08-15,0.03439922480620155
159,EBAY,38.82,38.96,39.26 x 900,39.26 x 4000,38.93 - 39.29,26.01 - 42.00,4541.0,4721198.0,32.93,1.22,15.18,2.59,0.56,1.44,2019-08-30,0.014425553838227719
160,ECL,193.82,194.06,191.75 x 800,207.50 x 800,190.79 - 194.50,135.77 - 209.87,1099.0,1010800.0,55.074,0.66,37.42,5.12,1.84,0.95,2019-09-16,0.00949334434010938
164,EMR,68.65,69.06,69.44 x 900,69.95 x 800,68.94 - 69.75,55.39 - 73.24,1958.0,1233464.0,43.083,1.48,19.71,3.52,1.96,2.86,2019-08-15,0.028550619082301526
165,ETR,118.15,117.93,118.96 x 800,119.08 x 900,117.91 - 119.16,81.02 - 119.17,1275.0,1279718.0,23.84,0.16,23.4,5.09,3.64,3.08,2019-08-07,0.030808294540837916
167,EOG,64.44,64.4,67.65 x 900,67.61 x 1200,64.33 - 67.73,64.33 - 118.34,5263.0,5162660.0,37.917,1.71,11.0,6.15,1.15,1.78,2019-07-16,0.017846058348851643
171,EQR,88.37,88.11,83.05 x 900,88.59 x 900,87.72 - 88.75,62.78 - 88.75,1258.0,1532964.0,33.135,0.41,44.32,2.0,2.27,2.57,2019-06-27,0.0256874504922485
173,EL,185.53,185.0,185.24 x 1100,186.22 x 800,184.84 - 187.49,121.47 - 207.50,1958.0,1669593.0,66.289,0.73,38.53,4.82,1.72,0.93,2019-08-29,0.009270737886056164
175,ES,85.6,85.65,86.12 x 900,86.08 x 800,85.32 - 86.19,61.57 - 86.26,1188.0,1599565.0,28.031999999999996,0.24,31.82,2.71,2.14,2.5,2019-05-22,0.025
176,EXC,44.67,44.78,44.68 x 1400,44.81 x 1400,44.45 - 44.81,43.02 - 51.18,7404.0,7131375.0,44.036,0.29,19.1,2.34,1.45,3.25,2019-08-14,0.032460264159391086
177,EXPE,136.03,136.91,134.44 x 1400,137.28 x 900,136.16 - 137.63,108.11 - 144.00,680819.0,680573681.0,19.609,0.96,33.55,4.06,1.36,1.0,2019-08-21,0.009997794604131442
181,XOM,67.61,67.82,68.60 x 800,68.79 x 2900,67.82 - 68.77,64.65 - 83.75,9955.0,9946265.0,288.584,1.21,16.56,4.15,3.48,5.15,2019-08-12,0.051471675787605385
184,FAST,35.83,36.1,36.69 x 4000,36.79 x 2200,35.98 - 36.96,24.00 - 36.96,6191.0,6742560.0,21.101,1.63,26.99,1.36,0.88,2.47,2019-10-24,0.02456042422550935
186,FDX,149.91,150.68,152.14 x 3000,152.94 x 2900,150.09 - 154.13,137.78 - 234.49,3282.0,3601534.0,39.461,1.77,89.33,1.7,2.6,1.73,2019-09-06,0.017343739577079582
187,FIS,128.33,128.87,128.94 x 800,129.00 x 800,127.12 - 129.88,94.53 - 141.35,2317.0,2887181.0,77.69800000000001,0.52,56.18,2.29,1.4,1.09,2019-09-12,0.010909374269461543
188,FITB,27.33,27.57,27.01 x 3200,28.07 x 2900,27.57 - 28.04,22.12 - 30.20,6070.0,6244117.0,20.326,1.34,9.56,2.93,0.96,3.51,2019-06-27,0.03512623490669594
189,FE,48.38,48.57,48.43 x 2200,48.44 x 1300,48.12 - 48.63,35.33 - 49.07,2674.0,2106973.0,26.336,0.25,104.98,0.46,1.52,3.14,2019-08-06,0.03141794129805705
192,FLS,46.56,46.96,47.40 x 800,47.41 x 900,46.37 - 47.48,35.88 - 55.42,573382.0,573047181.0,6.256,1.89,30.18,1.57,0.76,1.63,2019-09-19,0.01632302405498282
195,FL,44.4,44.97,44.92 x 1400,45.24 x 1400,44.49 - 45.45,33.12 - 68.00,2129.0,2619409.0,4.859,1.59,9.8,4.61,1.52,3.42,2019-10-17,0.03423423423423424
196,F,9.14,9.19,9.02 x 38500,9.03 x 45900,9.01 - 9.24,7.41 - 10.56,31585.0,31891289.0,36.74,0.97,16.72,0.54,0.6,6.46,2019-10-21,0.06564551422319474
197,FTV,70.94,71.4,72.02 x 800,72.03 x 1000,71.15 - 72.38,62.89 - 89.48,1665.0,1152321.0,24.142,1.27,9.39,7.66,0.28,0.39,2019-08-29,0.0039469974626444885
198,FBHS,58.92,58.67,58.23 x 1200,58.24 x 800,58.03 - 59.39,35.27 - 59.39,2185.0,2207345.0,8.22,1.79,20.39,2.86,0.88,1.49,2019-08-29,0.01493550577053632
199,BEN,27.22,27.49,26.90 x 900,28.47 x 2900,27.38 - 27.77,25.57 - 35.82,2326.0,2277140.0,13.856,1.08,10.11,2.71,1.04,3.82,2019-09-27,0.03820720058780309
200,FCX,9.58,9.8,9.85 x 29200,9.82 x 34100,9.75 - 10.00,8.43 - 14.68,22743.0,22473371.0,14.459000000000001,1.8,14.4,0.68,0.2,2.09,2019-07-12,0.020876826722338204
201,GPS,16.88,17.08,17.33 x 4000,17.33 x 4000,17.01 - 17.48,15.11 - 31.39,6271.0,6545537.0,6.267,0.76,7.07,2.45,0.97,5.75,2019-10-08,0.05746445497630332
202,GRMN,87.46,87.58,87.01 x 900,87.02 x 900,86.79 - 87.75,59.98 - 89.72,583234.0,583062948.0,16.545,1.01,22.44,3.88,2.28,2.61,2019-12-13,0.026069060141779097
204,GD,174.43,175.3,175.02 x 1100,175.70 x 800,174.65 - 176.92,143.87 - 193.76,869836.0,869163704.0,50.01,1.49,15.6,11.25,4.08,2.34,2019-10-10,0.023390471822507596
207,GIS,52.55,52.36,52.55 x 1000,52.56 x 1200,52.19 - 52.74,36.42 - 56.40,1854.0,1503414.0,31.491,0.88,16.94,3.1,1.96,3.73,2019-07-09,0.03729781160799239
208,GM,36.17,36.44,35.89 x 2900,35.90 x 900,35.63 - 36.72,30.56 - 41.90,6883.0,6074164.0,51.27,1.25,5.72,6.28,1.52,4.2,2019-09-05,0.04202377661045065
210,GILD,64.91,64.94,64.89 x 2200,65.46 x 1200,64.80 - 65.36,60.32 - 73.70,3897.0,3925082.0,82.586,1.19,14.13,4.61,2.52,3.86,2019-09-12,0.03882298567246958
211,GPN,160.13,161.13,159.53 x 1000,161.14 x 900,159.37 - 161.70,94.81 - 175.95,1032.0,1119479.0,47.49,0.86,52.52,3.07,0.04,0.02,2019-09-12,0.00024979703990507713
212,GS,206.52,208.67,209.00 x 800,209.59 x 900,207.68 - 210.86,151.70 - 234.06,1923.0,1376473.0,75.26100000000001,1.34,9.35,22.38,5.0,2.42,2019-11-29,0.0242107301956227
213,GT,15.15,15.39,15.16 x 800,15.15 x 900,15.11 - 15.55,10.74 - 23.95,2424.0,2673229.0,3.525,1.87,7.86,1.93,0.64,4.23,2019-10-31,0.042244224422442245
215,HAL,18.43,18.15,19.61 x 1300,19.60 x 3200,18.10 - 20.00,16.97 - 37.54,27506.0,27841464.0,17.102999999999998,1.75,12.93,1.52,0.72,3.91,2019-09-03,0.03906673901247965
216,HBI,15.23,15.39,15.50 x 4000,15.62 x 800,15.36 - 15.69,11.57 - 19.38,3934.0,3318978.0,5.44,1.48,10.1,1.55,0.6,3.94,2019-08-12,0.03939592908732764
217,HOG,36.57,36.94,35.00 x 800,37.18 x 800,36.92 - 37.31,30.17 - 43.69,2404.0,2889500.0,5.791,1.32,13.73,2.7,1.5,4.1,2019-09-16,0.04101722723543889
218,HIG,59.0,59.54,59.74 x 800,61.50 x 800,59.21 - 59.78,40.54 - 61.23,1182.0,1785260.0,21.744,0.59,13.47,4.43,1.2,2.03,2019-08-30,0.020338983050847456
220,HCA,123.64,123.65,123.04 x 800,125.78 x 1000,123.21 - 125.06,110.31 - 147.42,818206.0,818582193.0,42.437,1.31,11.91,10.38,1.6,1.3,2019-08-30,0.012940795858945326
221,HCP,37.39,37.33,37.50 x 1300,37.49 x 800,37.14 - 37.58,25.82 - 37.58,1769.0,1790900.0,18.646,0.13,18.38,2.04,1.48,3.96,2019-08-02,0.039582776143353836
226,HLT,91.15,91.76,92.29 x 2900,92.30 x 800,91.52 - 92.43,63.76 - 101.14,1703.0,1841520.0,26.201,0.91,34.08,2.71,0.6,0.66,2019-08-08,0.006582556226001096
228,HD,237.93,238.26,236.48 x 3200,237.00 x 1200,235.61 - 238.99,158.09 - 238.99,1987.0,1704239.0,259.222,1.14,23.61,10.02,5.44,2.31,2019-09-04,0.0228638675240617
229,HON,165.57,166.97,168.60 x 1300,169.45 x 1000,166.57 - 169.24,123.48 - 178.47,2453.0,2674300.0,119.30799999999999,1.23,19.73,8.56,3.6,2.17,2019-08-15,0.021743069396629826
230,HRL,40.81,40.81,40.60 x 900,40.61 x 2200,40.60 - 40.94,37.00 - 46.26,1438.0,1498728.0,21.674,-0.12,22.45,1.81,0.84,2.06,2019-07-12,0.020583190394511147
231,HST,16.44,16.52,16.78 x 3000,16.79 x 1400,16.49 - 16.81,15.51 - 20.35,4087.0,4223684.0,12.277000000000001,1.1,11.34,1.48,0.8,4.87,2019-06-27,0.048661800486618
232,HPQ,16.85,16.99,17.04 x 2200,17.05 x 800,16.99 - 17.27,15.93 - 25.72,8695.0,8065320.0,25.029,1.24,6.27,2.71,0.64,3.8,2019-09-10,0.03798219584569733
233,HUM,289.26,289.26,287.82 x 800,287.93 x 1100,286.69 - 290.02,225.65 - 355.88,837672.0,837062707.0,39.302,1.08,15.69,18.3,2.2,0.76,2019-09-27,0.007605614326211713
234,HBAN,14.19,14.35,14.35 x 27000,14.36 x 38500,14.27 - 14.42,11.12 - 14.97,5753.0,5198995.0,14.914000000000001,1.49,11.4,1.26,0.6,4.23,2019-09-16,0.042283298097251586
238,ITW,158.31,159.15,159.62 x 1000,159.67 x 900,158.86 - 160.53,117.75 - 161.71,1404.0,1221093.0,52.035,1.28,21.41,7.45,4.28,2.7,2019-09-27,0.027035563135619986
241,IR,117.3,117.96,117.85 x 800,117.88 x 2200,117.45 - 119.72,85.15 - 128.31,1664.0,1190354.0,28.496,1.17,20.44,5.77,2.12,1.81,2019-09-05,0.018073316283034956
242,INTC,51.36,51.52,52.15 x 4000,52.20 x 1400,51.34 - 52.16,42.36 - 59.59,13120.0,13874695.0,230.93599999999998,0.71,12.11,4.3,1.26,2.4,2019-08-06,0.02453271028037383
243,ICE,94.4,94.54,93.52 x 800,93.52 x 1000,93.15 - 94.57,69.69 - 95.56,2206.0,2020995.0,52.37,0.33,26.42,3.53,1.1,1.17,2019-09-13,0.011652542372881356
244,IBM,134.09,132.61,132.42 x 900,132.60 x 1300,130.90 - 133.10,105.94 - 152.95,6217.0,6787490.0,117.449,1.56,13.93,9.52,6.48,4.56,2019-08-08,0.04832575136102618
245,IP,42.26,42.66,42.29 x 1300,42.61 x 1100,42.24 - 43.11,36.45 - 48.24,2446.0,2390140.0,16.609,1.38,10.77,3.93,2.05,4.89,2019-11-14,0.048509228584950305
246,IPG,20.65,20.78,20.75 x 2200,20.76 x 1400,20.57 - 20.85,19.56 - 25.10,2793.0,2425876.0,8.008,0.83,12.54,1.66,0.94,4.55,2019-08-30,0.04552058111380145
247,IFF,117.84,118.44,118.15 x 1000,118.39 x 1000,117.62 - 118.95,104.86 - 152.95,817633.0,817216431.0,12.470999999999998,0.55,35.46,3.34,3.0,2.55,2019-09-20,0.02545824847250509
248,INTU,262.47,264.48,262.04 x 800,262.18 x 800,258.58 - 264.50,182.61 - 295.77,809450.0,809243037.0,68.191,0.89,44.52,5.89,2.12,0.79,2019-10-09,0.008077113574884748
250,IVZ,15.89,16.16,16.16 x 1800,16.50 x 800,16.07 - 16.37,15.15 - 22.45,6018.0,6581981.0,7.712999999999999,1.43,11.16,1.45,1.24,7.8,2019-08-14,0.07803650094398992
252,IRM,33.5,33.46,33.75 x 1000,33.90 x 800,33.45 - 34.05,29.28 - 37.32,2274.0,2362167.0,9.961,0.64,27.62,1.23,2.44,7.3,2019-09-13,0.07283582089552239
256,JNJ,127.7,128.67,127.64 x 800,127.70 x 1800,127.06 - 129.67,121.00 - 148.99,13325.0,13657103.0,337.86699999999996,0.73,20.04,6.39,3.8,2.81,2019-08-26,0.02975724353954581
257,JCI,41.85,42.07,42.39 x 1300,42.60 x 1300,41.92 - 42.86,28.30 - 44.65,7933.0,7629985.0,33.73,1.06,6.61,6.41,1.04,2.49,2019-09-13,0.024850657108721624
258,JPM,120.56,122.05,123.63 x 1200,123.55 x 1200,121.99 - 123.77,91.11 - 123.77,12632.0,12471535.0,388.19,1.19,12.2,10.13,3.6,2.99,2019-10-03,0.029860650298606503
259,JNPR,23.9,24.13,23.50 x 3100,24.23 x 900,24.09 - 24.47,22.42 - 30.80,2900.0,2017962.0,8.386000000000001,0.58,17.25,1.41,0.76,3.23,2019-09-03,0.03179916317991632
261,K,61.94,62.23,62.22 x 900,62.48 x 800,61.95 - 62.88,51.34 - 72.98,1056.0,1276889.0,21.197,0.77,25.07,2.49,2.28,3.68,2019-08-30,0.03680981595092024
262,KEY,17.77,18.0,18.17 x 3200,18.18 x 3200,17.96 - 18.19,13.66 - 18.96,8364.0,8261904.0,18.188,1.54,11.27,1.61,0.74,4.16,2019-08-26,0.04164321890827237
263,KMB,137.22,136.99,138.83 x 800,139.99 x 800,136.68 - 139.55,100.32 - 143.50,2293.0,2675882.0,48.465,0.47,26.85,5.18,4.12,3.0,2019-09-05,0.030024777729193996
264,KIM,20.92,20.95,20.63 x 1100,21.23 x 900,20.88 - 21.24,14.29 - 21.24,4558.0,4873637.0,9.107000000000001,0.65,26.44,0.8,1.12,5.35,2019-10-01,0.05353728489483748
265,KMI,20.02,20.16,20.11 x 38500,20.11 x 29200,20.07 - 20.35,14.62 - 21.50,9284.0,9212025.0,45.525,0.96,22.18,0.91,1.0,5.0,2019-10-30,0.04995004995004995
266,KLAC,159.69,160.31,163.50 x 800,164.50 x 1200,159.87 - 164.29,80.65 - 167.95,1820.0,1565842.0,25.988000000000003,1.56,21.9,7.49,3.0,1.88,2019-08-14,0.0187863986473793
267,KSS,50.6,51.23,51.05 x 800,51.22 x 900,50.85 - 52.07,43.33 - 83.28,2185.0,2953053.0,8.079,1.12,11.31,4.53,2.68,5.3,2019-09-10,0.052964426877470355
269,KR,23.94,24.0,24.11 x 2900,24.13 x 2900,23.99 - 24.33,20.70 - 31.98,4334.0,4432673.0,18.939,0.75,12.01,2.01,0.64,2.67,2019-08-14,0.026733500417710943
270,LB,16.31,16.15,16.61 x 800,16.92 x 2900,16.10 - 17.01,15.82 - 38.00,7434.0,7815178.0,4.1339999999999995,1.05,8.0,2.08,1.2,7.36,2019-08-22,0.07357449417535254
272,LRCX,233.7,236.98,238.50 x 1200,240.00 x 800,235.36 - 239.87,122.64 - 244.98,1283.0,1695321.0,34.186,1.55,17.41,13.7,4.6,1.97,2019-09-30,0.019683354728284124
273,LEG,43.61,43.92,43.95 x 900,44.50 x 800,43.83 - 44.32,33.48 - 46.50,853231.0,853196287.0,5.8629999999999995,1.13,20.47,2.15,1.6,3.67,2019-09-12,0.03668883283650539
274,LEN,61.71,61.88,60.90 x 1200,62.37 x 1100,60.86 - 62.42,37.29 - 62.42,4027.0,4431351.0,19.109,0.97,10.07,6.06,0.16,0.26,2019-07-10,0.002592772646248582
276,LLY,108.64,108.87,107.93 x 800,108.19 x 1000,107.77 - 109.00,104.17 - 132.13,3854.0,3323301.0,104.353,0.25,13.62,7.93,2.58,2.37,2019-08-14,0.023748159057437407
277,LNC,59.53,60.43,60.95 x 800,60.96 x 800,60.35 - 61.17,48.07 - 67.52,1105.0,1441853.0,12.297,1.93,8.58,7.1,1.48,2.49,2019-10-09,0.02486141441290106
279,LMT,372.48,374.01,373.07 x 1000,374.60 x 1100,372.73 - 375.89,241.18 - 399.96,1139.0,1058815.0,104.348,1.18,18.23,20.52,9.6,2.58,2019-08-30,0.02577319587628866
281,LOW,112.84,113.32,112.04 x 1000,112.23 x 1000,111.40 - 113.81,84.75 - 118.23,2773.0,2527668.0,86.587,1.42,35.39,3.16,2.2,1.95,2019-10-22,0.01949663239985821
282,LYB,86.11,87.29,88.08 x 800,88.09 x 800,87.20 - 88.30,68.61 - 96.94,1544.0,1681460.0,29.396,1.53,9.24,9.53,4.2,4.88,2019-09-03,0.04877482290094066
284,MAC,27.4,27.52,28.21 x 1000,28.45 x 800,27.52 - 28.41,27.11 - 53.61,2256.0,2914457.0,3.9619999999999997,0.89,36.89,0.77,3.0,10.95,2019-08-16,0.10948905109489052
285,M,15.12,15.21,15.36 x 3000,15.43 x 3200,15.21 - 15.59,14.11 - 38.35,9307.0,9269175.0,4.567,0.74,4.69,3.29,1.51,9.99,2019-09-12,0.09986772486772487
286,MRO,11.3,11.27,11.50 x 3200,11.52 x 3000,11.23 - 11.55,11.06 - 20.59,6314.0,6031762.0,9.07,2.1,9.8,1.18,0.2,1.77,2019-08-20,0.017699115044247787
287,MPC,65.14,65.45,64.60 x 1800,64.88 x 1300,64.67 - 66.05,43.96 - 74.56,4453.0,4349421.0,43.263999999999996,1.66,14.55,4.45,2.12,3.25,2019-08-20,0.032545287073994476
288,MAR,121.05,122.26,123.03 x 800,123.00 x 800,121.90 - 123.39,100.62 - 144.24,1192.0,1769520.0,40.672,1.26,29.67,4.14,1.78,1.47,2019-08-21,0.014704667492771583
289,MMC,99.05,99.49,99.58 x 900,99.61 x 1000,98.98 - 99.75,74.30 - 103.37,1474.0,1503315.0,50.628,0.66,34.44,2.9,1.82,1.85,2019-07-10,0.01837455830388693
291,MAS,43.85,44.13,44.09 x 1000,44.10 x 800,43.70 - 44.35,27.03 - 45.90,2127.0,2945657.0,12.832,1.45,18.15,2.43,0.54,1.23,2019-07-11,0.012314709236031927
292,MA,270.63,271.93,273.77 x 2900,274.76 x 800,269.50 - 274.36,171.89 - 293.69,2620.0,2484075.0,272.376,0.87,42.32,6.48,1.32,0.49,2019-07-08,0.0048775080368030155
295,MCD,208.5,209.7,209.90 x 800,210.49 x 800,208.44 - 210.76,166.19 - 221.93,3605.0,3133337.0,158.26,0.33,27.56,7.61,5.0,2.42,2019-08-30,0.023980815347721823
296,MCK,152.26,149.79,147.40 x 1000,147.65 x 800,144.40 - 153.30,106.11 - 153.30,3529.0,3674106.0,27.561999999999998,1.23,47.9,3.08,1.64,1.08,2019-08-30,0.010771049520556943
297,MDT,108.12,108.45,105.82 x 1100,106.58 x 1100,106.46 - 108.61,81.66 - 112.05,3163.0,3340773.0,143.049,0.49,32.7,3.26,2.16,2.0,2019-09-26,0.01997780244173141
298,MRK,84.68,84.97,84.08 x 1100,84.80 x 1200,84.08 - 85.06,66.10 - 87.35,4917.0,4162834.0,218.675,0.32,23.7,3.57,2.2,2.6,2019-09-13,0.025980160604629193
299,MET,46.1,46.55,45.11 x 900,47.00 x 3200,46.40 - 46.76,37.76 - 51.16,4293.0,4237659.0,43.772,0.89,7.66,6.07,1.76,3.82,2019-08-05,0.03817787418655098
301,MGM,27.87,28.08,27.50 x 1300,28.17 x 1800,27.70 - 28.19,21.62 - 31.68,3205.0,3516278.0,14.720999999999998,1.22,83.09,0.34,0.52,1.87,2019-09-09,0.018658055256548258
303,MCHP,95.0,96.41,97.80 x 1000,97.81 x 900,95.72 - 97.85,60.70 - 101.35,1391.0,1209273.0,23.180999999999997,1.63,66.11,1.48,1.46,1.53,2019-08-20,0.015368421052631578
308,TAP,56.98,57.18,57.14 x 800,57.16 x 900,56.97 - 57.31,49.92 - 67.62,1338.0,1653264.0,12.376,0.99,13.84,4.13,2.28,4.0,2019-08-29,0.04001404001404001
309,MDLZ,54.48,54.79,53.53 x 1800,53.86 x 900,53.52 - 54.82,38.78 - 56.72,5012.0,5618951.0,77.044,0.78,20.97,2.55,1.14,2.09,2019-09-27,0.02092511013215859
313,MS,43.66,44.08,44.90 x 3000,44.99 x 4000,44.08 - 45.09,36.74 - 48.67,13725.0,13069806.0,73.417,1.3,9.62,4.68,1.4,3.21,2019-07-30,0.0320659642693541
314,MSI,175.05,175.64,175.98 x 900,176.00 x 800,174.24 - 176.27,108.25 - 182.28,797125.0,797058365.0,29.204,0.76,29.8,5.91,2.28,1.3,2019-09-12,0.013024850042844899
318,NAVI,11.77,11.9,11.96 x 1400,11.97 x 1800,11.88 - 12.07,8.23 - 15.67,1111.0,1912065.0,2.728,2.05,6.45,1.85,0.64,5.44,2019-09-05,0.05437553101104503
319,NTAP,53.49,54.14,54.51 x 900,54.61 x 800,53.90 - 55.43,44.55 - 83.95,2611.0,2785051.0,13.049000000000001,1.56,13.95,3.91,1.92,3.59,2019-10-03,0.0358945597307908
324,NWSA,13.47,13.53,13.62 x 900,13.69 x 3000,13.52 - 13.71,10.65 - 14.66,1938.0,1558893.0,7.974,1.11,52.5,0.26,0.2,1.46,2019-09-10,0.014847809948032665
326,NEE,232.48,232.41,232.41 x 800,232.53 x 800,230.65 - 233.04,164.78 - 234.27,1523.0,1991373.0,114.46600000000001,0.12,33.45,6.96,5.0,2.15,2019-08-28,0.021507226428079836
328,NKE,96.1,96.61,96.07 x 1000,96.22 x 1100,95.42 - 96.87,66.53 - 96.87,4216.0,4116687.0,151.053,1.1,35.93,2.68,0.88,0.92,2019-08-30,0.009157127991675338
329,NI,27.98,27.96,27.55 x 2200,29.30 x 1800,27.92 - 28.16,24.37 - 30.67,3174.0,3166834.0,10.484000000000002,0.31,84.23,0.33,0.8,2.86,2019-10-30,0.028591851322373126
331,JWN,34.58,35.2,35.47 x 800,35.72 x 800,35.01 - 35.83,25.01 - 67.75,2100.0,2989076.0,5.459,0.71,11.78,3.03,1.48,4.28,2019-08-29,0.042799305957200696
332,NSC,181.91,182.99,183.05 x 800,186.04 x 1300,182.99 - 186.38,138.65 - 211.46,1823.0,1717407.0,48.563,1.31,18.06,10.31,3.76,2.07,2019-08-02,0.020669561871255016
333,NTRS,94.68,95.81,96.87 x 2200,96.89 x 800,95.80 - 97.14,75.96 - 101.50,906658.0,906019120.0,21.014,1.24,14.65,6.61,2.8,2.96,2019-09-12,0.029573299535276716
336,NRG,40.15,40.29,40.21 x 1000,40.22 x 900,40.06 - 40.45,32.63 - 43.66,1438.0,1491909.0,10.311,0.49,19.23,2.1,0.12,0.3,2019-10-31,0.0029887920298879204
337,NUE,51.68,52.72,51.86 x 800,53.90 x 800,51.70 - 53.07,46.10 - 64.48,1906.0,1038882.0,15.679,1.66,7.29,7.1,1.6,3.1,2019-09-26,0.030959752321981428
340,OXY,40.45,40.57,40.67 x 1400,40.77 x 800,40.28 - 40.85,39.97 - 75.79,6516.0,6106251.0,36.621,1.25,8.06,5.07,3.16,7.81,2019-09-09,0.07812113720642769
341,OMC,75.38,75.55,75.39 x 800,75.40 x 1400,75.17 - 75.80,68.58 - 85.05,1197.0,1661790.0,16.272000000000002,0.39,12.67,5.95,2.6,3.45,2019-09-19,0.0344919076678164
342,OKE,69.2,69.34,69.21 x 900,69.85 x 800,69.08 - 69.67,50.26 - 77.21,1292.0,1033335.0,28.964000000000002,1.14,23.05,3.02,3.56,5.14,2019-08-05,0.051445086705202314
343,ORCL,54.55,55.06,55.11 x 800,55.12 x 4000,54.82 - 55.30,42.40 - 60.50,7861.0,7629821.0,180.965,1.19,18.05,3.06,0.96,1.72,2019-07-16,0.017598533455545372
344,PCAR,72.04,72.54,72.91 x 800,72.87 x 1000,72.49 - 74.45,53.43 - 74.45,3139.0,3750784.0,25.285,1.39,10.75,6.79,1.28,1.83,2019-08-13,0.017767906718489726
347,PDCO,17.45,17.64,17.37 x 4000,17.38 x 900,17.26 - 17.70,15.73 - 26.60,1228.0,1167378.0,1.6569999999999998,1.6,13.83,1.26,1.04,5.96,2019-07-11,0.05959885386819485
348,PAYX,84.25,84.81,84.70 x 1200,84.72 x 900,83.83 - 84.81,61.32 - 88.43,876943.0,876590420.0,30.311,0.88,29.0,2.92,2.48,2.93,2019-07-31,0.02943620178041543
350,PNR,38.55,38.8,34.47 x 1000,38.96 x 800,38.79 - 39.12,34.50 - 45.70,1173.0,1225623.0,6.553999999999999,1.06,18.34,2.13,0.72,1.87,2019-07-18,0.01867704280155642
351,PBCT,16.46,16.65,16.00 x 800,16.62 x 900,16.44 - 16.71,13.66 - 18.03,4434.0,4996090.0,6.912999999999999,1.48,12.72,1.31,0.71,4.31,2019-07-31,0.043134872417982986
352,PEP,136.25,136.34,136.15 x 1200,137.80 x 800,135.66 - 136.73,105.03 - 140.45,1992.0,1099240.0,189.80599999999998,0.47,15.49,8.79,3.82,2.8,2019-09-05,0.02803669724770642
354,PRGO,53.9,54.3,53.93 x 800,53.96 x 1100,53.78 - 54.65,36.28 - 75.42,389306.0,389218212.0,7.335,1.99,84.37,0.64,0.84,1.56,2019-08-29,0.015584415584415584
355,PFE,36.46,36.65,36.43 x 4000,36.65 x 800,36.36 - 36.68,33.97 - 46.47,12174.0,12924426.0,201.662,0.42,16.85,2.16,1.44,3.95,2019-08-01,0.03949533735600658
357,PM,80.55,80.34,81.61 x 800,81.81 x 1100,80.30 - 81.90,64.67 - 92.74,3952.0,3041551.0,128.38299999999998,1.09,16.29,5.02,4.68,5.81,2019-06-20,0.05810055865921788
358,PSX,107.2,108.0,107.92 x 800,108.21 x 800,107.57 - 108.57,78.44 - 108.57,1366.0,1355073.0,48.528,1.14,9.34,11.59,3.6,3.36,2019-08-19,0.033582089552238806
360,PXD,123.36,123.4,125.28 x 1000,125.30 x 800,123.07 - 126.32,114.79 - 178.22,1505.0,1661243.0,20.246,1.42,23.4,5.36,1.76,1.43,2019-09-26,0.014267185473411154
361,PNC,143.52,145.0,145.84 x 800,147.00 x 900,144.71 - 146.39,108.45 - 146.39,1673.0,1035962.0,64.273,1.28,13.04,11.16,4.6,3.21,2019-07-18,0.03205128205128205
362,RL,94.97,96.17,96.59 x 1000,96.62 x 800,95.70 - 96.71,82.69 - 137.34,745236.0,745255768.0,7.441,1.24,17.77,5.43,2.75,2.9,2019-06-27,0.028956512582920924
363,PPG,124.23,125.0,124.44 x 1000,124.45 x 900,124.25 - 125.61,94.41 - 125.61,1621.0,1152770.0,30.188000000000002,0.96,24.59,5.07,2.04,1.64,2019-08-09,0.016421154310553007
364,PPL,32.03,32.08,32.59 x 1800,32.69 x 3000,32.08 - 32.66,27.31 - 32.89,3415.0,3576985.0,23.537,0.55,13.36,2.44,1.65,5.15,2019-09-09,0.05151420543240711
367,PFG,56.0,56.43,56.81 x 800,56.84 x 800,56.43 - 56.92,40.42 - 60.81,617996.0,617105790.0,15.99,1.51,10.68,5.32,2.2,3.93,2019-09-04,0.03928571428571429
368,PG,117.47,117.42,119.93 x 800,120.26 x 900,117.35 - 119.12,85.23 - 125.36,6370.0,6289156.0,300.16,0.35,83.27,1.43,2.98,2.54,2019-10-17,0.025368179109559887
369,PGR,70.2,70.48,69.70 x 900,70.37 x 1100,69.67 - 70.54,56.71 - 84.96,4782.0,4999404.0,40.198,0.63,13.11,5.34,0.4,0.57,2019-10-04,0.005698005698005698
370,PLD,89.61,89.74,90.20 x 800,91.13 x 900,89.51 - 90.63,55.21 - 90.63,1598.0,1035795.0,57.482,0.98,32.39,2.8,2.12,2.37,2019-09-19,0.02365807387568352
371,PRU,89.69,90.77,90.89 x 1100,90.95 x 800,90.56 - 91.23,75.61 - 106.40,1208.0,1276459.0,36.66,1.63,9.23,9.84,4.0,4.46,2019-08-19,0.04459805998439068
372,PEG,62.29,62.43,62.35 x 800,63.00 x 4000,62.12 - 62.51,49.23 - 63.88,1214.0,1135437.0,31.659000000000002,0.36,21.66,2.88,1.88,3.02,2019-09-06,0.030181409536041096
374,PHM,38.3,38.35,38.19 x 900,38.19 x 4000,38.04 - 38.76,20.64 - 38.78,5266.0,5296682.0,10.489,0.48,11.6,3.29,0.44,1.15,2019-09-17,0.011488250652741516
375,PVH,87.39,88.47,89.55 x 800,89.56 x 800,88.47 - 90.33,67.41 - 134.24,863354.0,863382042.0,6.626,1.98,10.04,8.9,0.15,0.17,2019-08-29,0.0017164435290078957
377,QCOM,77.68,78.38,78.71 x 1100,79.00 x 1100,78.01 - 79.09,49.10 - 90.34,5307.0,5260057.0,96.01299999999999,1.53,28.91,2.73,2.48,3.34,2019-09-11,0.03192584963954686
378,PWR,40.22,40.48,40.62 x 800,40.55 x 1000,40.30 - 41.00,27.90 - 41.00,949346.0,949383692.0,5.901,1.56,18.44,2.2,0.16,0.41,2019-09-30,0.003978120338140229
382,RTN,199.75,199.64,202.27 x 900,203.00 x 800,199.28 - 203.21,144.27 - 205.28,1237.0,1684153.0,56.434,0.99,18.63,10.85,3.77,1.89,2019-07-09,0.018873591989987483
383,O,79.47,79.35,79.70 x 800,80.00 x 800,79.18 - 79.97,57.50 - 79.97,898782.0,898493437.0,25.726999999999997,0.12,61.64,1.3,2.72,3.43,2019-10-31,0.03422675223354725
386,RF,15.77,15.95,16.08 x 4000,16.09 x 21500,15.95 - 16.13,12.39 - 17.88,8945.0,8883895.0,16.272000000000002,1.63,9.95,1.62,0.62,3.93,2019-12-05,0.039315155358275206
387,RSG,88.24,88.46,77.21 x 800,87.75 x 1100,87.53 - 88.69,67.48 - 90.62,984265.0,984047376.0,28.826,0.46,27.13,3.23,1.62,1.84,2019-09-30,0.018359020852221217
389,RHI,55.09,55.74,55.85 x 1200,55.86 x 1000,55.46 - 56.37,51.90 - 69.08,907204.0,907109564.0,6.652,1.41,14.72,3.8,1.24,2.25,2019-08-22,0.022508622254492648
393,ROST,114.13,111.49,110.58 x 1300,110.97 x 1100,109.07 - 113.15,75.91 - 114.83,2864.0,2847478.0,40.145,0.81,25.23,4.4,1.02,0.93,2019-09-11,0.008937176903531062
394,RCL,111.18,112.0,112.13 x 800,114.00 x 1000,100.00 - 112.95,89.48 - 131.04,2121.0,2578231.0,23.921999999999997,1.51,12.73,8.81,3.12,2.88,2019-09-19,0.028062601187263895
395,SPGI,250.48,252.07,251.32 x 1200,251.02 x 900,249.25 - 252.07,156.68 - 269.57,858312.0,858297560.0,61.308,0.8,31.94,7.87,2.28,0.91,2019-08-26,0.00910252315554136
399,SLB,32.31,32.22,33.41 x 800,33.73 x 3100,32.22 - 33.80,30.65 - 58.61,11299.0,11807428.0,46.455,1.97,22.54,1.49,2.0,6.47,2019-09-03,0.06190034045187248
401,STX,54.98,55.4,55.26 x 3200,55.45 x 800,54.96 - 55.87,35.38 - 57.20,1719.0,1857171.0,14.655,1.72,7.86,7.06,2.52,4.58,2019-09-24,0.0458348490360131
402,SEE,41.45,41.87,41.69 x 800,41.70 x 800,41.54 - 42.11,30.22 - 47.13,667954.0,667213759.0,6.462000000000001,1.08,17.62,2.37,0.64,1.54,2019-09-05,0.015440289505428226
403,SRE,146.23,146.18,146.43 x 800,146.47 x 1100,145.25 - 146.57,104.88 - 148.14,944560.0,944441714.0,40.569,0.31,21.09,6.94,3.87,2.65,2019-09-19,0.02646515762839363
406,SPG,149.92,150.32,152.87 x 1200,152.72 x 800,150.28 - 153.26,145.28 - 191.49,1390.0,1540878.0,47.532,0.53,20.47,7.48,8.4,5.6,2019-08-15,0.0560298826040555
407,SWKS,87.77,88.21,89.41 x 1000,89.89 x 800,88.20 - 90.01,60.12 - 94.39,1721.0,1868210.0,15.472999999999999,1.27,17.11,5.26,1.76,2.01,2019-08-26,0.020052409707189245
410,SO,61.14,60.98,61.48 x 1000,61.49 x 800,60.96 - 61.62,42.50 - 62.36,2954.0,2706610.0,64.46,0.26,14.51,4.25,2.48,4.06,2019-08-16,0.040562643114164215
411,LUV,53.48,54.31,53.07 x 3000,53.23 x 1000,53.14 - 54.31,44.28 - 58.77,6599.0,6740695.0,28.41,1.75,12.36,4.31,0.72,1.35,2019-08-20,0.013462976813762155
412,SWK,149.89,150.76,150.40 x 800,150.40 x 900,149.67 - 151.86,106.41 - 154.10,727991.0,727016668.0,23.055,1.51,33.97,4.44,2.76,1.84,2019-11-27,0.018413503235706185
413,SBUX,86.03,86.0,85.30 x 2900,85.42 x 900,85.08 - 86.24,57.39 - 99.72,3678.0,3683128.0,102.164,0.5,30.51,2.8,1.44,1.68,2019-08-07,0.016738347088225036
414,STT,63.34,64.54,64.10 x 900,66.00 x 800,64.10 - 65.67,48.62 - 77.00,3042.0,3752457.0,25.851999999999997,1.58,12.9,5.07,2.08,3.28,2019-06-28,0.03283864856330913
416,SYK,215.32,216.25,215.17 x 1400,215.00 x 800,214.53 - 216.25,144.75 - 223.45,655352.0,655029635.0,80.369,1.01,23.01,9.35,2.08,0.97,2019-09-27,0.00966004086940368
417,STI,67.89,68.48,68.78 x 900,68.79 x 800,68.27 - 68.91,46.05 - 69.57,1281.0,1609717.0,30.715999999999998,1.61,12.61,5.46,2.24,3.3,2019-08-29,0.032994550007364856
418,SYMC,23.01,23.13,23.07 x 3100,23.08 x 4000,22.97 - 23.30,17.43 - 26.07,8731.0,8463060.0,14.264000000000001,1.43,138.2,0.17,0.3,1.28,2019-08-23,0.013037809647979138
419,SYF,34.29,34.66,35.00 x 1200,35.01 x 3000,34.56 - 35.12,21.77 - 36.87,5123.0,5386898.0,23.471999999999998,1.41,6.17,5.68,0.88,2.59,2019-08-02,0.025663458734324875
421,SYY,79.14,79.14,79.21 x 800,79.47 x 2200,78.96 - 79.61,59.44 - 79.74,1203.0,1971428.0,40.648,0.6,24.83,3.2,1.56,1.97,2019-10-03,0.019711902956785442
422,TROW,109.41,110.08,110.91 x 800,110.95 x 900,110.04 - 111.01,84.59 - 120.99,814737.0,814074915.0,25.934,1.06,13.96,7.95,3.04,2.78,2019-09-12,0.02778539438808153
423,TPR,25.56,25.85,24.99 x 1800,26.26 x 3100,25.83 - 26.47,18.54 - 43.71,4031.0,4886556.0,7.587999999999999,1.31,11.87,2.21,1.35,5.28,2019-09-05,0.05281690140845071
424,TGT,112.81,113.32,113.51 x 800,113.64 x 1300,112.74 - 113.81,60.15 - 113.81,2646.0,2422481.0,57.867,0.62,18.82,6.04,2.64,2.34,2019-08-20,0.023402180657743108
425,TEL,92.81,93.7,93.68 x 800,93.67 x 800,93.48 - 94.14,69.84 - 97.99,616305.0,616445673.0,31.436,1.24,10.28,9.12,1.84,1.98,2019-08-22,0.019825449843766836
427,TXN,129.46,130.74,130.90 x 800,130.95 x 1100,129.65 - 131.02,87.70 - 132.20,3456.0,3615125.0,121.609,1.21,23.9,5.48,3.6,2.78,2019-07-30,0.02780781708635872
428,TXT,46.01,46.35,46.91 x 1000,47.55 x 800,46.09 - 47.23,42.30 - 58.00,2064.0,2477973.0,10.468,1.92,12.88,3.66,0.08,0.17,2019-09-12,0.001738752445120626
429,BK,45.34,45.53,45.80 x 1100,46.50 x 2200,45.47 - 45.97,40.52 - 54.27,6908.0,6145714.0,43.028,1.04,11.89,3.84,1.24,2.73,2019-10-25,0.027348919276576972
430,CLX,149.7,149.67,149.03 x 1000,148.94 x 900,148.69 - 149.70,143.58 - 167.70,845046.0,845025817.0,18.745,0.57,23.59,6.32,4.24,2.83,2019-07-30,0.028323313293253178
432,HSY,153.07,152.86,153.50 x 800,153.75 x 1200,152.53 - 153.92,99.15 - 162.20,616671.0,616141637.0,32.259,0.02,26.57,5.78,3.09,2.02,2019-08-22,0.020186842621023063
433,MOS,19.55,19.71,19.42 x 1200,19.53 x 1800,19.45 - 20.01,17.36 - 37.37,3002.0,3108368.0,7.478,1.89,29.46,0.66,0.2,1.02,2019-12-04,0.010230179028132993
434,TRV,141.36,141.99,141.81 x 1100,141.83 x 900,141.41 - 142.22,111.08 - 155.09,1505.0,1220293.0,37.183,0.81,14.17,10.02,3.28,2.32,2019-09-09,0.023203169213355967
435,DIS,130.89,131.44,130.00 x 1000,130.30 x 800,130.02 - 131.73,100.35 - 147.15,6094.0,6326726.0,234.648,0.72,16.77,7.77,1.76,1.34,2019-07-05,0.013446405378562154
436,TMO,281.42,284.56,283.55 x 800,283.11 x 900,281.56 - 284.56,208.34 - 305.45,1014.0,1523967.0,113.48200000000001,1.14,32.38,8.76,0.76,0.27,2019-09-16,0.002700589865681188
437,TIF,88.49,89.25,89.64 x 900,89.66 x 900,89.02 - 90.04,73.04 - 117.93,858998.0,858912139.0,10.455,1.47,19.51,4.59,2.32,2.62,2019-09-19,0.02621765171205786
439,TJX,60.36,60.69,59.62 x 1800,60.72 x 2200,59.30 - 60.84,41.49 - 60.89,5966.0,5858007.0,72.271,0.84,24.24,2.47,0.92,1.52,2019-08-14,0.015241882041086813
441,TSCO,93.32,93.99,91.50 x 800,92.37 x 1000,92.21 - 93.99,78.67 - 114.25,1344.0,1447670.0,11.04,1.09,20.6,4.49,1.32,1.42,2019-08-23,0.014144877839691386
446,TSN,82.42,81.66,80.90 x 900,80.97 x 800,80.79 - 82.05,49.77 - 94.07,1802.0,1590398.0,29.91,0.43,13.55,5.97,1.5,1.82,2019-11-26,0.01819946614899296
447,USB,55.07,55.71,56.22 x 800,56.27 x 2900,55.61 - 56.33,43.14 - 57.81,4772.0,4458295.0,89.12899999999999,1.23,12.91,4.35,1.68,3.05,2019-06-27,0.03050662792809152
448,UDR,49.8,49.74,50.03 x 800,50.04 x 800,49.57 - 50.20,38.14 - 50.20,1591.0,1681956.0,14.811,0.49,87.73,0.57,1.37,2.75,2019-07-09,0.027510040160642575
452,UNP,161.5,162.2,167.26 x 900,167.31 x 900,161.75 - 167.40,128.08 - 180.54,3054.0,3316484.0,114.435,1.19,19.69,8.49,3.88,2.4,2019-08-29,0.024024767801857583
454,UNH,245.34,245.02,243.68 x 1000,245.00 x 800,242.15 - 245.60,208.07 - 287.94,2932.0,2158007.0,232.743,0.7,17.74,13.75,4.32,1.76,2019-09-13,0.01760821716801174
455,UPS,117.35,117.7,119.25 x 800,120.75 x 800,117.60 - 119.25,89.89 - 123.63,3155.0,3325639.0,100.88,1.44,21.63,5.48,3.84,3.27,2019-08-16,0.03272262462718364
457,UTX,136.8,138.17,138.79 x 1300,138.88 x 800,137.74 - 139.00,100.48 - 144.40,3641.0,3777551.0,118.226,1.31,22.54,6.14,2.94,2.15,2019-11-14,0.021491228070175436
459,UNM,28.27,28.66,28.92 x 800,28.93 x 800,28.60 - 28.98,24.71 - 38.84,1170.0,1008682.0,6.075,1.71,11.83,2.44,1.14,4.03,2019-10-25,0.040325433321542266
460,VFC,92.47,93.13,93.50 x 1000,93.31 x 1000,92.53 - 93.61,63.26 - 93.61,2961.0,2642268.0,37.576,1.44,32.64,2.86,1.72,1.86,2019-09-09,0.01860062723045312
461,VLO,91.06,92.02,93.19 x 1100,93.30 x 900,91.59 - 93.50,68.81 - 94.72,3190.0,3162228.0,39.038000000000004,1.74,15.31,6.09,3.6,3.95,2019-08-05,0.03953437294091808
463,VTR,72.86,72.57,72.68 x 800,72.69 x 900,71.97 - 72.91,54.38 - 75.40,1513.0,1779545.0,27.429000000000002,0.19,52.22,1.39,3.17,4.35,2019-06-28,0.04350809772165797
466,VZ,61.05,61.01,60.74 x 1800,60.97 x 1100,57.92 - 61.23,52.28 - 61.58,9003.0,9669920.0,253.90900000000002,0.47,15.87,3.83,2.46,4.03,2019-10-09,0.040294840294840296
468,VIAB,22.05,22.16,21.87 x 1200,21.89 x 1800,21.81 - 22.25,21.75 - 33.66,5278.0,5582103.0,8.743,1.05,5.4,4.05,0.8,3.63,2019-09-13,0.036281179138321996
469,V,175.71,176.0,176.50 x 800,176.75 x 1000,174.61 - 176.73,121.60 - 187.05,4566.0,4261550.0,390.32099999999997,0.81,33.88,5.21,1.0,0.57,2019-08-15,0.005691195720220818
470,VNO,62.42,62.48,63.22 x 1100,63.23 x 1100,62.45 - 63.39,58.60 - 72.50,718076.0,718303450.0,12.050999999999998,0.89,4.22,15.02,2.64,4.23,2019-08-02,0.04229413649471323
472,WMT,119.14,119.3,119.76 x 1000,119.80 x 1000,118.82 - 119.83,85.78 - 120.71,2672.0,2708339.0,338.585,0.65,27.08,4.42,2.12,1.78,2019-12-05,0.017794191707235188
473,WBA,55.3,55.15,54.42 x 900,54.62 x 1200,54.28 - 55.50,49.03 - 86.31,5201.0,5543907.0,48.739,0.83,10.68,5.11,1.83,3.31,2019-08-19,0.03309222423146474
474,WM,117.05,117.54,117.20 x 1100,117.22 x 800,116.11 - 117.69,83.22 - 121.77,1883.0,1789415.0,50.07899999999999,0.59,28.64,4.09,2.05,1.75,2019-09-05,0.017513882956001706
476,WEC,92.96,93.23,93.09 x 900,100.00 x 800,92.40 - 93.46,66.46 - 98.19,731566.0,731803476.0,29.44,0.14,27.03,3.45,2.36,2.54,2019-08-13,0.025387263339070567
477,WFC,49.97,50.28,50.15 x 3200,50.50 x 4000,50.17 - 50.50,43.02 - 55.04,19371.0,19223168.0,216.984,1.19,10.86,4.65,2.04,4.08,2019-08-08,0.04082449469681809
480,WU,24.03,24.14,24.32 x 1200,24.33 x 900,24.04 - 24.37,16.42 - 24.37,3657.0,3622807.0,10.360999999999999,0.65,8.89,2.74,0.8,3.33,2019-09-13,0.033291718684977115
481,WRK,36.7,36.99,37.07 x 1400,37.15 x 800,36.94 - 37.54,31.94 - 48.55,1350.0,1299931.0,9.684,1.63,11.54,3.22,1.82,4.96,2019-08-08,0.04959128065395095
484,WMB,22.91,22.96,22.91 x 1800,22.96 x 4000,22.85 - 23.07,20.36 - 29.55,10951.0,10249642.0,28.06,1.43,523.64,0.04,1.52,6.63,2019-09-12,0.0663465735486687
487,WYNN,113.52,114.25,116.92 x 900,117.46 x 1100,114.19 - 117.03,90.06 - 151.50,1175.0,1109020.0,12.519,1.81,15.39,7.6,4.0,3.52,2019-08-15,0.035236081747709654
488,XEL,64.01,64.16,64.02 x 1400,64.99 x 1000,63.67 - 64.31,47.44 - 66.05,1461.0,1395875.0,33.891999999999996,0.19,26.27,2.45,1.62,2.53,2019-09-12,0.025308545539759413
489,XRX,29.8,29.98,29.95 x 900,29.96 x 1300,29.90 - 30.32,18.58 - 36.58,1119.0,1999793.0,6.797999999999999,2.07,13.59,2.2,1.0,3.47,2019-09-27,0.03355704697986577
490,XLNX,94.34,95.16,95.00 x 1400,95.15 x 800,94.37 - 95.49,68.76 - 141.60,2015.0,2389512.0,24.013,1.48,25.9,3.67,1.48,1.59,2019-08-06,0.015687937248251006
493,YUM,112.3,112.87,112.50 x 800,112.53 x 800,111.31 - 113.21,84.53 - 119.72,1205.0,1514243.0,34.772,0.4,26.72,4.2,1.68,1.5,2019-08-16,0.01495992876224399
495,ZION,44.72,45.19,45.50 x 4000,46.64 x 800,45.00 - 45.68,38.08 - 51.81,2423.0,2354398.0,8.207,1.53,10.99,4.15,1.36,3.04,2019-08-14,0.03041144901610018
496,ZTS,127.96,128.23,125.96 x 900,126.61 x 800,125.85 - 128.50,78.90 - 130.20,1575.0,1933937.0,60.223,0.61,44.68,2.83,0.66,0.51,2019-07-18,0.005157861831822445
